0,nan,0
1,이지훈,1
2,Jesper Borgen,2
3,김영준,3
4,Wrabel,4
5,Benj Pasek,5
6,최한솔,6
7,배진렬,7
8,포미닛 투윤,8
9,김선미,9
10,Padi,10
11,박주원,11
12,K.imazine,12
13,헨리,13
14,서원진,14
15,EGG 1호,15
16,Martin K,16
17,소녀시대-태티서 ,17
18,소유,18
19,Humbert,19
20,김우진,20
21,Lazy Dog,21
22,Timothy 'Bos' Bullock,22
23,처진 달팽이,23
24,황준익,24
25,Thomas Sardorf,25
26,강준우,26
27,Christian Fast,27
28,Matthew Tishler,28
29,사파리 엠,29
30,에스나,30
31,텐조,31
32,쿠기,32
33,박슬기,33
34,백민혁,34
35,Apro,35
36,7 go up,36
37,윤효상,37
38,Niara Arain Scarlett,38
39,Sean Alexander,39
40,LOOGONE,40
41,PRODUCE X 101,41
42,태민,42
43,NS 윤지,43
44,SG워너비,44
45,Min,45
46,손창학,46
47,주태영,47
48,La La Land Cast,48
49,유빈,49
50,이주호,50
51,James Pierpont,51
52,MOBB ,52
53,김진표,53
54,최강일,54
55,김유민,55
56,ZigZagNote,56
57,박창학,57
58,Krazy Park,58
59,Truthislonely,59
60,김순곤,60
61,"에릭남, 웬디 ",61
62,긱스,62
63,김C,63
64,노는 어린이,64
65,SUPER JUNIOR-D&E ,65
66,브라운아이드걸스,66
67,이대헌,67
68,북극곰,68
69,Kevin Writer,69
70,박철호,70
71,길,71
72,DOCS,72
73,J & S,73
74,디함,74
75,KUSH,75
76,라이머,76
77,2NE1,77
78,Mariah Carey,78
79,박민서,79
80,윤종성,80
81,Adam Levine,81
82,상주나,82
83,강화성,83
84,LDN Noise,84
85,김진아,85
86,다시봐도 촌놈,86
87,VIXX,87
88,Norman Gimbel,88
89,귓방망이,89
90,노영심,90
91,정용화,91
92,보이비,92
93,It's,93
94,김이지 ,94
95,T-SK,95
96,브라운 아이즈,96
97,Zuno,97
98,강현민,98
99,김진호,99
100,이현도,100
101,Tarmo Keranen,101
102,최창환,102
103,2soo,103
104,정은지,104
105,임창정,105
106,JY,106
107,Wonderkid,107
108,Cashbanger,108
109,박진호,109
110,괴태,110
111,Missy Elliott,111
112,엠블랙,112
113,Mike Daley,113
114,이민우,114
115,국민의 아들,115
116,크리스탈,116
117,임기훈,117
118,장재인,118
119,김선일,119
120,조휴일,120
121,"블랙넛, 버벌진트, 산이",121
122,이병호,122
123,최정인,123
124,Sejin,124
125,Ecobridge,125
126,릴보이,126
127,미노,127
128,이수빈,128
129,라니아,129
130,Crush,130
131,하우스룰즈,131
132,Mussashi,132
133,정일훈,133
134,조규만,134
135,돌아온탕자,135
136,김희정,136
137,Mich Hansen,137
138,코스믹 사운드,138
139,진영,139
140,Fabo Angelini,140
141,이정현,141
142,Fredrik Bostrom,142
143,Geoffrocause,143
144,블루브릿지,144
145,한재호,145
146,비닐하우스,146
147,Ariana Grande,147
148,허니지,148
149,문성남,149
150,Keygen1,150
151,원태연,151
152,유나킴,152
153,Wanna One - 트리플포지션,153
154,Cast - Frozen,154
155,2AM,155
156,멜로디데이,156
157,The?Wavys,157
158,종현 ,158
159,강호연,159
160,브라더 2,160
161,라즈베리필드,161
162,허승경,162
163,김지웅,163
164,"베이비 소울, 유지아",164
165,최갑원,165
166,산이,166
167,신혜성,167
168,"온유 , 이진아",168
169,슈퍼창따이,169
170,MASTA WU,170
171,쏘울풀몬스터,171
172,신준기,172
173,신피디,173
174,MILLENNIUM,174
175,"애즈원, 미스에스",175
176,신명수,176
177,조영남,177
178,다비치,178
179,김진주,179
180,안준영,180
181,Jonatan?Gusmark?&?Ludvig?Evers?a.k.a?Moonshine,181
182,SURAN,182
183,솔튼페이퍼,183
184,"휘성, 범키",184
185,"에릭남, 전소미",185
186,강이채,186
187,조병석,187
188,내리,188
189,스윗소로우,189
190,Flo Rida,190
191,Avenue 52,191
192,서정일,192
193,클로버,193
194,Ferdy,194
195,정준하 X ZICO,195
196,정수민,196
197,Chris 'Tricky' Stewart,197
198,프로씨,198
199,김태주,199
200,Rink,200
201,오레오,201
202,조성모,202
203,한희정,203
204,마마무,204
205,소녀온탑,205
206,DR,206
207,박강일,207
208,박은우,208
209,Midas-T,209
210,Ellie Goulding,210
211,최인환,211
212,2S,212
213,첸,213
214,이적,214
215,버즈,215
216,미루,216
217,Santino Fontana,217
218,를,218
219,Alan Menken,219
220,Christoffer Lauridsen,220
221,양파,221
222,Walter Kent,222
223,로빈,223
224,Idina Menzel,224
225,송용창,225
226,정진우,226
227,"Shawn Mendes, Camila Cabello",227
228,백지영,228
229,유승우,229
230,홍소진,230
231,BOM&HI,231
232,Wassily Gradovsky,232
233,슬리피,233
234,Rihanna,234
235,JQ,235
236,"Marshmello, Anne-Marie",236
237,치타,237
238,Juno,238
239,옥상달빛,239
240,Andrew Taggart,240
241,길은경,241
242,"티아라, 더 씨야, 파이브돌스, 스피드",242
243,김수현,243
244,강승윤,244
245,"소유, 성시경",245
246,김장훈,246
247,고남수,247
248,Aron ,248
249,이상준,249
250,XIA,250
251,김한영,251
252,주노,252
253,강원석,253
254,우원재,254
255,문명진,255
256,Zomay,256
257,얀키,257
258,이도연,258
259,Micah Powell,259
260,"하이포, 아이유",260
261,Richard Marx,261
262,김승수,262
263,백아연,263
264,한승택,264
265,지병주,265
266,신지훈,266
267,개리,267
268,이창민,268
269,진보,269
270,용준형,270
271,민현 ,271
272,에디킴,272
273,포미닛,273
274,Quincy Jones,274
275,Ethan,275
276,솔지하니,276
277,살찐 고양이,277
278,Copykumo,278
279,디오 ,279
280,Eddie Galan,280
281,이홍기,281
282,이희승,282
283,헤이즈 ,283
284,"윤미래,타이거JK,Bizzy",284
285,슈프림팀,285
286,Junoflo ,286
287,Matty?Thomson,287
288,원더걸스,288
289,정호승,289
290,1Piece,290
291,Hirose Kohmi,291
292,시원,292
293,이정,293
294,S.COUPS,294
295,마티,295
296,고찬용,296
297,이민수,297
298,Steve Manovski,298
299,오창훈,299
300,인크레더블,300
301,2PM,301
302,"김하온, 박준호",302
303,권진아,303
304,수지,304
305,페퍼톤스,305
306,스위트피,306
307,유유진,307
308,팔로알토 ,308
309,이석주,309
310,Adele,310
311,"써니 , 루나 ",311
312,Shaun Kim,312
313,김태완,313
314,타이거JK,314
315,홍정수,315
316,Beyonce,316
317,정현철,317
318,별,318
319,김영후,319
320,"프라이머리, 오혁",320
321,임흥순,321
322,이유진,322
323,강은정,323
324,Jenna Andrews,324
325,Demi Lovato,325
326,김민정,326
327,김태춘,327
328,윤계상,328
329,마크툽,329
330,대준,330
331,김원,331
332,태양,332
333,SUPER JUNIOR-K.R.Y. ,333
334,Brian Kim,334
335,왕세윤,335
336,미친감성,336
337,H.O.T.,337
338,임현제,338
339,PK,339
340,손지창,340
341,박정운,341
342,Jonathan Groff,342
343,니모,343
344,BSK,344
345,Daniel Barkman,345
346,Greg Bonnick,346
347,G’harah?“PK”?Degeddingseze?of?80hdmuzic,347
348,최희준,348
349,최원석,349
350,베짱이,350
351,"창모, Hash Swan, ASH ISLAND, 김효은",351
352,2xxx!,352
353,Miss Kay,353
354,펀치 ,354
355,The One ,355
356,earattack,356
357,Drew Ryan Scott,357
358,이승주,358
359,정석원,359
360,B.I,360
361,Devine Channel,361
362,김영우,362
363,MC몽,363
364,Gusta,364
365,Kenzie,365
366,동네형,366
367,김종국,367
368,황성진,368
369,자우림,369
370,한창훈,370
371,이수현,371
372,Heth,372
373,Anne Hathaway,373
374,EON,374
375,이채규,375
376,f,376
377,브로콜리너마저,377
378,Red Velvet ,378
379,방준석,379
380,허성진,380
381,이노베이터,381
382,장영수,382
383,이종현,383
384,하현우,384
385,에릭남,385
386,Happy Perez,386
387,홍석,387
388,ESBEE,388
389,Wanna One - 더힐,389
390,신진혜,390
391,코난,391
392,MINO ,392
393,송재준,393
394,"더블 케이, 로꼬",394
395,김재형,395
396,김보민,396
397,안신애,397
398,나플라 ,398
399,오준혁,399
400,서로,400
401,Simon D.,401
402,리차드파커스,402
403,모모랜드,403
404,"윤비 , 영비",404
405,"오렌지캬라멜, 10cm",405
406,로코베리,406
407,오성환,407
408,"Rohann , ASH ISLAND",408
409,김재양,409
410,현아,410
411,팬텀,411
412,MooF,412
413,Tony Esterly,413
414,에일리,414
415,백찬,415
416,인호진,416
417,하우두유둘 ,417
418,AOA,418
419,최성훈,419
420,Thaddeus Dixon,420
421,최규성,421
422,한효주,422
423,손성제,423
424,민재영,424
425,압구정 보안관,425
426,한경일,426
427,이해리 ,427
428,Vernon,428
429,Alicia Keys,429
430,황인욱,430
431,원영헌,431
432,하이니,432
433,정창욱,433
434,Osshun Gum,434
435,이용민,435
436,식케이 ,436
437,김하온,437
438,투개월,438
439,JBJ,439
440,김성균,440
441,김부민,441
442,Lovee,442
443,"다이나믹 듀오, 박정현",443
444,정재일,444
445,LE,445
446,이문세,446
447,박보영,447
448,샐리,448
449,기억 조작단,449
450,한웅재,450
451,넥스트,451
452,서인영,452
453,조윤경,453
454,서재혁,454
455,이경섭,455
456,pH-1,456
457,Zion.T,457
458,김은수,458
459,A.I.P,459
460,서태지,460
461,Wall E,461
462,Fabio BOI Angelini,462
463,서현 ,463
464,이미나,464
465,박인영,465
466,노을,466
467,레이디스 코드,467
468,터보,468
469,남기상,469
470,지코,470
471,진영 ,471
472,"매드 클라운, 샵건",472
473,이승철,473
474,조필성,474
475,Sondia,475
476,"스윙스, Kid Milli, 매드 클라운",476
477,이종훈,477
478,k-Smith,478
479,DEE. P,479
480,방승철,480
481,MGR,481
482,뱀뱀 ,482
483,정진운,483
484,빈지노,484
485,세븐티핑거스 ,485
486,Peter Wallevik,486
487,신지수,487
488,김동률,488
489,김광민,489
490,Icona Pop,490
491,Meredith Willson,491
492,서인국,492
493,우리형과 내동생,493
494,G.Soul,494
495,김 용,495
496,E SENS,496
497,수호,497
498,Coleridge?Tillman,498
499,Katreese Barnes,499
500,Magic Mansion,500
501,장지원,501
502,박효신,502
503,Homeboy,503
504,진민호,504
505,빈첸,505
506,Kristen Bell,506
507,루시드 폴,507
508,송문상,508
509,제이세라,509
510,이현우,510
511,타히티,511
512,박광현,512
513,하나,513
514,포지션,514
515,애프터스쿨,515
516,Ja Mezz,516
517,이상,517
518,Michael Jackson,518
519,Carlos Battey,519
520,BOBBY,520
521,Hyuk?Shin,521
522,이승호,522
523,뉴이스트 W,523
524,윤하,524
525,최소영,525
526,선미,526
527,Red Rocket,527
528,민아,528
529,Sound Sound,529
530,서동성,530
531,"마크 , 진영 ",531
532,로꼬,532
533,Jihad Rahmouni,533
534,오태호,534
535,기현,535
536,우태운,536
537,세정,537
538,김박사,538
539,이우민 'Collapsedone',539
540,임상혁,540
541,이부미,541
542,월하소년 ,542
543,임슬옹,543
544,Sophia Pae,544
545,Carly Rae Jepsen,545
546,김창기,546
547,Les Miserables Cast,547
548,15&,548
549,iKON,549
550,Peter Tambakis,550
551,김경희,551
552,GDLO,552
553,에이브 ,553
554,제시,554
555,신영웅,555
556,소라,556
557,윤딴딴,557
558,M시그널,558
559,Soul Twins,559
560,6B,560
561,이도형,561
562,"휘성, 거미",562
563,R.Tee,563
564,전군,564
565,형돈이와 대준이,565
566,존 박,566
567,!llmind,567
568,그리,568
569,박지운,569
570,"케이윌, 차쿤",570
571,Josh Cumbee,571
572,IRO,572
573,Marty James,573
574,닐로,574
575,고동훈,575
576,이찬혁,576
577,주미연,577
578,August Rigo,578
579,Day7,579
580,민연재,580
581,220,581
582,김범수,582
583,김민종,583
584,넉살,584
585,72,585
586,전창엽,586
587,태연 ,587
588,박근철,588
589,Bruno Mars,589
590,Sebastian Lundberg,590
591,Ylva Dimberg,591
592,보아,592
593,버벌진트,593
594,하기,594
595,Tyler?Acord,595
596,Mitchell Parish,596
597,Scott Krippayne,597
598,윤명선,598
599,어싸인,599
600,황찬희,600
601,비와이,601
602,언니쓰,602
603,박용인,603
604,GRUZIO,604
605,유건형,605
606,정지찬,606
607,Robert Wells,607
608,양동근,608
609,오승은,609
610,Adam Kapit,610
611,전다운,611
612,Rice n' Peas,612
613,먼데이키즈,613
614,이경애,614
615,Rovin,615
616,심수봉,616
617,최태완,617
618,수펄스,618
619,박보람,619
620,Mirror?BOY,620
621,송성경,621
622,Godic,622
623,미러보이,623
624,장중혁,624
625,정엽,625
626,"쿠기, 수퍼비, D.Ark",626
627,서정진,627
628,윤아 ,628
629,Rado,629
630,한승우,630
631,영재,631
632,위프리키,632
633,오유원,633
634,HUS,634
635,김반장,635
636,정호현,636
637,M.C. the Max,637
638,손주영,638
639,루빈,639
640,이루마,640
641,알리,641
642,CNBLUE,642
643,신형,643
644,김석원,644
645,타스코,645
646,Lauv,646
647,박일,647
648,제피,648
649,Beat&Keys,649
650,김문희,650
651,홍대광,651
652,"케이윌, 마마무",652
653,황광희 X 개코,653
654,디어,654
655,시크릿,655
656,Michael Woods,656
657,이지영,657
658,김경민,658
659, 아이들,659
660,Ronny Vidar Svendsen,660
661,델리스파이스,661
662,김민구,662
663,Yorkie,663
664,정형돈,664
665,씨노,665
666,정세운,666
667,데이브레이크,667
668,Curtis F,668
669,송하예,669
670,육성재,670
671,예은,671
672,Marcus?McCoan,672
673,Fixman,673
674,PRODUCE 101,674
675,우직,675
676,B.O.K,676
677,왁스,677
678,효린,678
679,G.Bliz,679
680,빅스 ,680
681,god,681
682,육지담,682
683,이다운,683
684,유니크노트,684
685,나몰라패밀리N,685
686,The Fliptones,686
687,Ed Sheeran,687
688,The Underdogs,688
689,정성하,689
690,Caro Emerald,690
691,디셈버,691
692,김혜원,692
693,윤성희,693
694,밍지션,694
695,Maria Marcus,695
696,고상지,696
697,박성수,697
698,안수완,698
699,Martin Hoberg Hedegaard,699
700,우지윤,700
701,이상인,701
702,Goodnite,702
703,신현희,703
704,디프라이,704
705,김정호,705
706,라쿤보이즈,706
707,태일,707
708,Jarrad Rogers,708
709,백금민,709
710,이재학,710
711,강우경,711
712,UV,712
713,호란,713
714,Sermstyle,714
715,"슬리피, 송지은",715
716,Ye-Yo!,716
717,Jisoo?Park,717
718,1월 8일,718
719,Chris Wahle,719
720,Make Some Noise,720
721,려욱,721
722,나다,722
723,블락비,723
724,조커,724
725,이스란,725
726,톰이랑 제리,726
727,가비엔제이,727
728,정키,728
729,Sia,729
730,정준일,730
731,Sara Forsberg,731
732,BOYCOLD,732
733,Bruce Lee Fan Club,733
734,신승익,734
735,미,735
736,Denzil 'DR' Remedios,736
737,Yoshiki,737
738,에픽하이 ,738
739,Lance Shipp,739
740,어쿠스틱 콜라보,740
741,김미진,741
742,유재경,742
743,문대현,743
744,신아녜스,744
745,Polar Monkeys,745
746,장석준,746
747,BLACKPINK,747
748,루나,748
749,후이,749
750,채은정,750
751,김지수,751
752,송재원,752
753,황태지,753
754,Katy Perry,754
755,윤지성,755
756,에이핑크,756
757,잭슨,757
758,Noheul,758
759,박지희,759
760,Thomas Eriksen,760
761,올티,761
762,신인수,762
763,신용재,763
764,VENDORS,764
765,Hugh Martin,765
766,엔플라잉,766
767,마리오,767
768,데이데이,768
769,250,769
770,서재우,770
771,장우영,771
772,라디 ,772
773,노반장,773
774,WOOZI,774
775,브라더수,775
776,Wiz Khalifa,776
777,서의성,777
778,안정훈,778
779,권석홍,779
780,정재형,780
781,이규호,781
782,송수윤,782
783,Yumiko Okada,783
784,TAXITA,784
785,엄기엽,785
786,Stereo14,786
787,"산이, 매드 클라운",787
788,김이지,788
789,최우미,789
790,원택,790
791,윤비 ,791
792,Joy Factory,792
793,원샷,793
794,더 네임,794
795,Jamil 'Digi' Chammas,795
796,Secret Weapon,796
797,조영수,797
798,김세진,798
799,케이시,799
800,인피니트H,800
801,구준회,801
802,김재환,802
803,류원광,803
804,이주원,804
805,정구현,805
806,오마이걸,806
807,토마스쿡,807
808,박신혜,808
809,방혜현,809
810,dress,810
811,Maroon 5,811
812,아이언,812
813,황성제,813
814,Supreme Boi,814
815,KZ,815
816,서의범,816
817,라도,817
818,Hannah Phaisey,818
819,황금두현,819
820,전간디,820
821,김승재,821
822,심재원,822
823,김지향,823
824,심상원,824
825,영광의얼굴들,825
826,강수지,826
827,뮤지,827
828,유겸 ,828
829,티아라,829
830,Jessie J,830
831,코드쿤스트,831
832,Ichiro Suezawa,832
833,김진만,833
834,마경식,834
835,박지원,835
836,강타,836
837,DJ Murf,837
838,Matsumoto Ryoki,838
839,민동숙,839
840,바이브,840
841,Lindy Robbins,841
842,"다이나믹 듀오, 첸",842
843,Ryudo Uzaki,843
844,Adrian Mckinnon,844
845,개코,845
846,오준성,846
847,Britt Burton,847
848,Flow Blow,848
849,딘딘,849
850,Konquest,850
851,최은하,851
852,MosPick,852
853,Simon Petren,853
854,Command Freaks,854
855,예성,855
856,김민석,856
857,최성원,857
858,김보경,858
859,손담비,859
860,함승천,860
861,오브로스,861
862,이영준,862
863,아이비,863
864,임재범,864
865,케이준,865
866,Da Beatfreakz,866
867,이은하,867
868,김성규,868
869,아이엘,869
870,오대천왕,870
871,김진권,871
872,IZ*ONE,872
873,황세준,873
874,신혁,874
875,김희철,875
876,이선규,876
877,권정열,877
878,허선경,878
879,도윤경,879
880,장덕,880
881,윤덕원,881
882,MJ,882
883,오혁,883
884,라디,884
885,시진,885
886,김경모,886
887,MZMC,887
888,Heaven Light,888
889,수영,889
890,PEEJAY,890
891,윤우석,891
892,와사비사운드,892
893,주완,893
894,전해성,894
895,T.O.P,895
896,박보검,896
897,동환,897
898,소찬휘,898
899,쥰,899
900,한상원,900
901,강지원,901
902,폴라로이드 피아노,902
903,Cha Cha Malone,903
904,MUNA,904
905,송범,905
906,김바다,906
907,최성일,907
908,237,908
909,황종하,909
910,2Face,910
911,키겐,911
912,이현영,912
913,Freddie Mercury,913
914,홍재선,914
915,Misfit,915
916,이단옆차기,916
917,이래언,917
918,BIGBANG,918
919,김성면,919
920,조용필,920
921,로코,921
922,장미하관 ,922
923,백현,923
924,앤씨아,924
925,Andrew Jackson,925
926,Queen,926
927,임형주,927
928,Hitchhiker,928
929,뚱스,929
930,루피,930
931,Royal Dive 220,931
932,김정배,932
933,NCT 127,933
934,Rphabet,934
935,조성호,935
936,유한진,936
937,이은미,937
938,그레이,938
939,Various Artists,939
940,소지섭,940
941,신정은,941
942,원미솔,942
943,Ryan Tedder,943
944,Hayley Aitken,944
945,김한범,945
946,류재현,946
947,"비와이, Simon Dominic",947
948,Steve Aoki,948
949,GALACTIKA?*,949
950,티파니,950
951,베이지,951
952,범키,952
953,Mads Hauge,953
954,김경범,954
955,Johan Gustafson,955
956,Steven Lee,956
957,양시온,957
958,H-유진,958
959,지근식,959
960,Gannin Arnold,960
961,Cedric 'Dabenchwarma' Smith,961
962,송호근,962
963,포플래닛,963
964,백예린,964
965,울랄라세션,965
966,VIP,966
967,우효,967
968,Keira Knightley,968
969,휘인,969
970,지훈,970
971,예지,971
972,박준배,972
973,용감한 녀석들,973
974,이하늘,974
975,하광훈,975
976,하은,976
977,라디오갤럭시,977
978,Tee for Kuya Productions,978
979,치즈,979
980,디즈,980
981,O.R.O.,981
982,B1A4,982
983,투빅,983
984,박경구,984
985,VINCENZO,985
986,"Ed Sheeran, Justin Bieber",986
987,못말,987
988,이예준,988
989,SLO ,989
990,배치기,990
991,에니악,991
992,소향,992
993,"Simon Dominic, 레이디 제인",993
994,신효범,994
995,최재우,995
996,고아라,996
997,TIME,997
998,Lasse Lindh,998
999,"Harvey Mason, Jr",999
1000,Simon Janlov,1000
1001,정기고,1001
1002,이치현,1002
1003,신승훈,1003
1004,JB ,1004
1005,5$,1005
1006,김도형,1006
1007,박경진,1007
1008,홍성민 [창작],1008
1009,타블로,1009
1010,타이비언,1010
1011,용감한 형제,1011
1012,일,1012
1013,슈가볼,1013
1014,핫펠트,1014
1015,데니안,1015
1016,Wanna One,1016
1017,MINO,1017
1018,김범주,1018
1019,Kaelyn Behr,1019
1020,마르코,1020
1021,Prima Vista,1021
1022,제이홉,1022
1023,성환,1023
1024,황치열,1024
1025,빨간양말,1025
1026,바비 킴,1026
1027,디케이샤인,1027
1028,하루히,1028
1029,채정은,1029
1030,Calvin Harris,1030
1031,김슬기,1031
1032,매드 소울 차일드,1032
1033,올티 ,1033
1034,Jesse Frasure,1034
1035,레이,1035
1036,제아,1036
1037,4realz,1037
1038,이건우,1038
1039,방탄소년단,1039
1040,"제시카, 크리스탈 ",1040
1041,김윤주,1041
1042,장현승,1042
1043,AKMU ,1043
1044,The One,1044
1045,Avril Lavigne,1045
1046,강욱진,1046
1047,이남이,1047
1048,길옥윤,1048
1049,김종천,1049
1050,WINNER,1050
1051,플라이 투 더 스카이,1051
1052,고영환,1052
1053,하하 X MINO,1053
1054,"휘성, 황치열",1054
1055,Saint Binary,1055
1056,Albin Nordqvist,1056
1057,엠투엠 ,1057
1058,리오케이코아,1058
1059,슈가,1059
1060,도니제이,1060
1061,Tobias Karlsson,1061
1062,신쿵,1062
1063,먼데이 키즈,1063
1064,신사동 호랭이,1064
1065,씨스타,1065
1066,손영진,1066
1067,David Foster,1067
1068,Nicolas Jack Scapa,1068
1069,민서,1069
1070,Jooyoung,1070
1071,BEE,1071
1072,벤,1072
1073,G.고릴라,1073
1074,Phil Thornalley,1074
1075,손명규,1075
1076,이민호,1076
1077,강진우,1077
1078,이선희,1078
1079,이승훈,1079
1080,검은띠,1080
1081,"김하온, 빈첸",1081
1082,정바비,1082
1083,바닐라 어쿠스틱,1083
1084,Hyuk Shin ,1084
1085,보아 ,1085
1086,9999,1086
1087,Keygen,1087
1088,다이나믹 듀오,1088
1089,하형주,1089
1090,KingMing,1090
1091,장대성,1091
1092,심재건,1092
1093,Simo,1093
1094,김주형,1094
1095,권규진,1095
1096,Realmeee,1096
1097,스윙스,1097
1098,Ryan S.Jhun,1098
1099,김윤아,1099
1100,알리 ,1100
1101,백창우,1101
1102,김대현,1102
1103,정국,1103
1104,한준,1104
1105,빅싼초,1105
1106,G.A.B,1106
1107,"매드 클라운, 김나영",1107
1108,백호,1108
1109,100%서정,1109
1110,"버벌진트, 애즈원",1110
1111,동방신기 ,1111
1112,지나그램,1112
1113,이치원,1113
1114,Deanfluenza,1114
1115,PJ,1115
1116,Styalz Fuego,1116
1117,Radiohead,1117
1118,Ludwig Lindell,1118
1119,김민지,1119
1120,J. Yoon,1120
1121,김태성,1121
1122,황유빈,1122
1123,Karriem  Mack,1123
1124,리쌍,1124
1125,G-High,1125
1126,이루,1126
1127,신재홍,1127
1128,이채윤,1128
1129,이승기,1129
1130,Twoface,1130
1131,우디 ,1131
1132,프라임보이,1132
1133,민명기,1133
1134,아이오아이 ,1134
1135,Key U,1135
1136,다비,1136
1137,임도혁,1137
1138,홍승현,1138
1139,SIXC ,1139
1140,양다일,1140
1141,Simon Janlov for Hitfire Production,1141
1142,김건모,1142
1143,정주희,1143
1144,바닐라맨,1144
1145,노주환,1145
1146,KYUM LYK,1146
1147,파이브어클락,1147
1148,서재하,1148
1149,Fred Gibson,1149
1150,Lawrence Lee,1150
1151,손무현,1151
1152,창모,1152
1153,Daniel 'Obi' Klein,1153
1154,강이든,1154
1155,Moonshine,1155
1156,엘,1156
1157,박명수 X 딘딘,1157
1158,에피톤 프로젝트,1158
1159,물만난물고기,1159
1160,Famous Bro,1160
1161,SHINee ,1161
1162,IMLAY,1162
1163,Kevin?White,1163
1164,무한도전,1164
1165,소울스타,1165
1166,유세윤,1166
1167,문문,1167
1168,김희탐,1168
1169,박종미,1169
1170,프라이머리,1170
1171,"써니힐, 데이브레이크",1171
1172,나비,1172
1173,이환욱,1173
1174,김영성,1174
1175,C JAMM,1175
1176,김태윤,1176
1177,Air Play,1177
1178,김진환,1178
1179,김조한,1179
1180,Sam Smith,1180
1181,슬레이트,1181
1182,JK 김동욱,1182
1183,잔나비,1183
1184,행주,1184
1185,Curtis A Richardson,1185
1186,Jake?K,1186
1187,렌 ,1187
1188,박지윤,1188
1189,화사,1189
1190,런치송 프로젝트,1190
1191,남태현,1191
1192,JR ,1192
1193,Christian Vinten,1193
1194,장범준,1194
1195,김진영,1195
1196,안상영,1196
1197,유재석 X Dok2,1197
1198,Flowsik,1198
1199,MC그리,1199
1200,김태우,1200
1201,BLSSD,1201
1202,김석찬,1202
1203,포스트맨,1203
1204,유재하,1204
1205,Kelly Clarkson,1205
1206,KLEI,1206
1207,손승연,1207
1208,신재환,1208
1209,Sons?Of?Sonix,1209
1210,이길호,1210
1211,아스트로 비츠,1211
1212,Will Smith,1212
1213,"식케이, 릴보이, 지구인",1213
1214,아폴론,1214
1215,지우,1215
1216,송지은,1216
1217,AiRPLAY,1217
1218,Obi,1218
1219,소녀시대-Oh!GG,1219
1220,박초롱,1220
1221,김희진,1221
1222,이수,1222
1223,Mats Valentin-Berntoft,1223
1224,김재중,1224
1225,영재 ,1225
1226,이승환,1226
1227,EXID,1227
1228,이유 갓지 않은 이유,1228
1229,유해준,1229
1230,이건영,1230
1231,박기태 ,1231
1232,산들,1232
1233,이하이,1233
1234,"진영 , 뱀뱀 ",1234
1235,RoseInPeace,1235
1236,Justin Bieber,1236
1237,Lenka,1237
1238,박선주,1238
1239,이영지,1239
1240,회장님,1240
1241,박성희,1241
1242,곰돌군,1242
1243,청하,1243
1244,하이라이트,1244
1245,"버벌진트, 팬텀, 애즈원, 미스에스, 스윙스, 앤썬, 범키",1245
1246,Joseph 'Joe Millionaire' Foster,1246
1247,한수지,1247
1248,Anne-Marie,1248
1249,Tooji?Keshtkar,1249
1250,유영진,1250
1251,"Woodie Gochild, 최엘비, BIG Naughty , 영비, Chillin Homie",1251
1252,고창인,1252
1253,김필,1253
1254,조권,1254
1255,김현우,1255
1256,Tamaki Koji,1256
1257,Pdogg,1257
1258,Ryan IM,1258
1259,"긱스, 소유",1259
1260,이소라,1260
1261,Apink,1261
1262,박장현,1262
1263,윤민수,1263
1264,미티,1264
1265,김동휘,1265
1266,Two Tone,1266
1267,Grades,1267
1268,키,1268
1269,김현정,1269
1270,J.ust_Def,1270
1271,프리스타일,1271
1272,2BIC,1272
1273,클래지콰이,1273
1274,EFFN,1274
1275,소진 ,1275
1276,하진규,1276
1277,에릭,1277
1278,Martin Mulholland,1278
1279,로열다이브,1279
1280,"Ryan Gosling, Various Artists",1280
1281,ASSBRASS,1281
1282,가제트,1282
1283,윤사라,1283
1284,Aaron Benward,1284
1285,라이엇 게임즈 뮤직 팀,1285
1286,Sophie Michell Ellis-Bextor,1286
1287,뜨거운 감자,1287
1288,태윤미,1288
1289,나얼,1289
1290,David Bjork,1290
1291,제이레빗,1291
1292,TEDDY,1292
1293,이기찬,1293
1294,돈스파이크,1294
1295,장재원,1295
1296,정시로,1296
1297,The Colleagues,1297
1298,leon,1298
1299,장덕철,1299
1300,한경혜,1300
1301,이희목,1301
1302,심재희,1302
1303,Allison Kaplan,1303
1304,이대휘,1304
1305,이지혜,1305
1306,Chaz Mishan,1306
1307,Erik Nyholm,1307
1308,숀,1308
1309,Joachim Vermeulen Windsant,1309
1310,투엘슨,1310
1311,더블 케이,1311
1312,김희원,1312
1313,Diggy,1313
1314,박원준,1314
1315,데프콘,1315
1316,제니 ,1316
1317,Justin Reinstein,1317
1318,방용국,1318
1319,정동하,1319
1320,Keyshia Cole,1320
1321,이상훈,1321
1322,커즈디,1322
1323,CHOICE37,1323
1324,윤석철,1324
1325,Jule Styne,1325
1326,"Jvcki Wai, 영비, Osshun Gum, 한요한",1326
1327,혜림,1327
1328,블락비 바스타즈,1328
1329,세븐틴,1329
1330,노라조,1330
1331,김미은,1331
1332,Last Nite,1332
1333,Charlie?J.?Perry,1333
1334,EXO,1334
1335,진명용,1335
1336,투하트,1336
1337,원티드,1337
1338,Erik Lewander,1338
1339,그루비룸,1339
1340,서용배,1340
1341,"The One  , 소향",1341
1342,제시카,1342
1343,장준호,1343
1344,이지호,1344
1345,이현,1345
1346,Pixie Lott,1346
1347,검정치마,1347
1348,애즈원,1348
1349,박병규,1349
1350,박성일,1350
1351,Olof Lindskog,1351
1352,김혜성,1352
1353,Lady Gaga,1353
1354,조현주,1354
1355,"오렌지캬라멜, 뉴이스트",1355
1356,권영찬,1356
1357,트러블메이커,1357
1358,최수정,1358
1359,Fredro,1359
1360,"규현, 티파니",1360
1361,하동균,1361
1362,Daishi Dance,1362
1363,박진영,1363
1364,진리,1364
1365,이재혁,1365
1366,주니엘,1366
1367,주원,1367
1368,James Matthew Norton,1368
1369,Slow Rabbit,1369
1370,하현우 ,1370
1371,장현,1371
1372,별들의전쟁 * ,1372
1373,조덕배,1373
1374,서영진,1374
1375,박근태,1375
1376,화려강산,1376
1377,김선민,1377
1378,한희준,1378
1379,Unknown,1379
1380,이승협,1380
1381,FUEGO,1381
1382,상추,1382
1383,Anne Judith Stokke Wik,1383
1384,클래지,1384
1385,지민,1385
1386,비,1386
1387,김창락,1387
1388,Her0ism,1388
1389,레게 강 같은 평화,1389
1390,Musthave,1390
1391,신현희와김루트,1391
1392,이효민,1392
1393,이기광,1393
1394,Royal Dive,1394
1395,진짜사나이,1395
1396,Minuki,1396
1397,Jel,1397
1398,M.C THE MAX,1398
1399,서현진,1399
1400,김성훈,1400
1401,오동석,1401
1402,하진,1402
1403,Eastwest,1403
1404,Alexander Palmer,1404
1405,Naomi Scott,1405
1406,최현준,1406
1407,매드 클라운,1407
1408,젝스키스,1408
1409,스텔라,1409
1410,임현기,1410
1411,Pop Time,1411
1412,10cm,1412
1413,신재평,1413
1414,이상곤,1414
1415,Q,1415
1416,이근상,1416
1417,김소월,1417
1418,나인,1418
1419,정미선,1419
1420,유유,1420
1421,GD X TAEYANG,1421
1422,마크 ,1422
1423,송봉조,1423
1424,김희영,1424
1425,Richard B. Smith,1425
1426,블랙넛,1426
1427,김형규,1427
1428,어반 자카파,1428
1429,최진혁,1429
1430,싸이 ,1430
1431,비투비-블루,1431
1432,Amy Richardson,1432
1433,JYJ,1433
1434,Davor Vulama,1434
1435,Jam Factory,1435
1436,배영준,1436
1437,조동희,1437
1438,추대관,1438
1439,BOOMBASTIC,1439
1440,궐,1440
1441,용배,1441
1442,정준하,1442
1443,SUPER JUNIOR ,1443
1444,임재현,1444
1445,Karen Poole,1445
1446,주영훈,1446
1447,임시완,1447
1448,Fredrik Figge Bostrom,1448
1449,유성은,1449
1450,신화,1450
1451,Ross Lara,1451
1452,민경훈,1452
1453,The Stereotypes,1453
1454,김형석,1454
1455,Mark Ronson,1455
1456,델리보이,1456
1457,서지음,1457
1458,경진희,1458
1459,양세형 X BewhY,1459
1460,Double Dragon,1460
1461,R307,1461
1462,김인형,1462
1463,제이큐,1463
1464,최인영,1464
1465,화이,1465
1466,윤상,1466
1467,나플라,1467
1468,박해운,1468
1469,도나,1469
1470,이미지스,1470
1471,펀치,1471
1472,더 원,1472
1473,Good Life,1473
1474,이대찬,1474
1475,"티아라, 다비치",1475
1476,Goodwill,1476
1477,남우현,1477
1478,David Guetta,1478
1479,FRANTS,1479
1480,Bruce 'Automatic' Vanderveer,1480
1481,버스커 버스커,1481
1482,Jonathan Yip,1482
1483,DOKO,1483
1484,정다운,1484
1485,조규찬,1485
1486,킵루츠,1486
1487,키시,1487
1488,백무현,1488
1489,박창현,1489
1490,장혜진,1490
1491,전상근,1491
1492,Harvey Mason Jr.,1492
1493,Rachael Yamagata,1493
1494,Jaakko Salovaara,1494
1495,팻뮤직,1495
1496,G'harah 'PK' Degeddingseze,1496
1497,국.슈 ,1497
1498,빅스LR,1498
1499,비스트,1499
1500,김희철X민경훈,1500
1501,DEFSOUL,1501
1502,첸 ,1502
1503,달총,1503
1504,전승우,1504
1505,Jeff Bernat,1505
1506,자경단,1506
1507,주,1507
1508,김진훈,1508
1509,현재욱,1509
1510,미쓰김,1510
1511,김태훈,1511
1512,Crom,1512
1513,Boys Noize,1513
1514,김상현,1514
1515,하승범,1515
1516,장필순,1516
1517,김영근,1517
1518,Alex Geringas,1518
1519,전상환,1519
1520,영준,1520
1521,크레용팝,1521
1522,한길,1522
1523,Kenny Loggins,1523
1524,스탠딩 에그,1524
1525,기리보이,1525
1526,권순관,1526
1527,Maia Wilson,1527
1528,국카스텐,1528
1529,리시,1529
1530,스멜스,1530
1531,DJ Premier,1531
1532,Amber J. Liu,1532
1533,Diplo,1533
1534,Kevin White,1534
1535,이기,1535
1536,"버벌진트, 산체스",1536
1537,Svante Halldin,1537
1538,Arys Chien,1538
1539,X1 ,1539
1540,윤영준,1540
1541,Jeff Cohen,1541
1542,박기태,1542
1543,안지영,1543
1544,노명훈,1544
1545,Stella Attar,1545
1546,Niara Scarlett,1546
1547,Bro,1547
1548,디제이 소울스케이프,1548
1549,어깨깡패,1549
1550,이규태,1550
1551,BMK,1551
1552,HYNN,1552
1553,씨스타19,1553
1554,이병우,1554
1555,권성민,1555
1556,휘성,1556
1557,보기리,1557
1558,Stephen Andrew Booker,1558
1559,똘아이박,1559
1560,서해원,1560
1561,Amy Kabba,1561
1562,정진환,1562
1563,박지민,1563
1564,Donald 'haZEL' Sales,1564
1565,Common Tale,1565
1566,Michael Buble,1566
1567,이신성,1567
1568,송혜교,1568
1569,스웨덴세탁소,1569
1570,Tyler Shamy,1570
1571,Guylaire Leon Jr,1571
1572,GLOVE,1572
1573,이장희,1573
1574,Honeydew'o,1574
1575,김현규,1575
1576,Taylor Swift,1576
1577,한동준,1577
1578,은지원,1578
1579,폴킴,1579
1580,philtre,1580
1581,Lee McCutcheon,1581
1582,김선진,1582
1583,Jackie Boyz,1583
1584,김용준,1584
1585,"Mariella?""Bambi""?Garcia?Balandina",1585
1586,GRAY ,1586
1587,Stereo 14,1587
1588,Camila Cabello,1588
1589,김창훈,1589
1590,요다,1590
1591,이현정,1591
1592,플래닛 쉬버,1592
1593,솔라,1593
1594,Daniel Klein,1594
1595,Marlon Cole,1595
1596,정인,1596
1597,김홍일,1597
1598,정준영,1598
1599,찬양,1599
1600,테이,1600
1601,방시혁,1601
1602,최진이,1602
1603,윤종신,1603
1604,린,1604
1605,Coach & Sendo,1605
1606,윤현상,1606
1607,Mason Charlie,1607
1608,유희열,1608
1609,김병석,1609
1610,김민,1610
1611,Simon Dominic,1611
1612,Robert Gerongco,1612
1613,WIN,1613
1614,전진,1614
1615,Jordan?“DJ?Swivel”?Young,1615
1616,빽가,1616
1617,S.E.S.,1617
1618,에브리싱글데이,1618
1619,서림,1619
1620,Gabriel Stephen,1620
1621,Rachael Yamagata?,1621
1622,조셉 케이,1622
1623,앤드,1623
1624,G. Brown,1624
1625,하림,1625
1626,형용돈죵 ,1626
1627,이성만,1627
1628,Genneo,1628
1629,러브시티,1629
1630,이지은,1630
1631,낙준 ,1631
1632,문혜민,1632
1633,레인보우 픽시,1633
1634,미친기집애,1634
1635,이재규,1635
1636,Andy Platts,1636
1637,김건우,1637
1638,거미,1638
1639,박장근,1639
1640,디아,1640
1641,공유,1641
1642,리베 피아노,1642
1643,Wilbart 'Vedo' McCoy III,1643
1644,조장혁,1644
1645,나원주,1645
1646,한성호,1646
1647,"Rohann , 오담률",1647
1648,Howard Ashman,1648
1649,케이지,1649
1650,박원,1650
1651,양재선,1651
1652,Postino,1652
1653,에이트,1653
1654,NoizeBank,1654
1655,키썸 ,1655
1656,윤일상,1656
1657,Andrew Jackson Jihad,1657
1658,조영화,1658
1659,Billion Dollar Baby,1659
1660,DAVINK,1660
1661,곽소영,1661
1662,장철웅,1662
1663,Siha,1663
1664,SE7EN,1664
1665,"스윙스, 에일리",1665
1666,찬열 ,1666
1667,Glen Choi,1667
1668,범이,1668
1669,안영민,1669
1670,최수영,1670
1671,김광석,1671
1672,계피,1672
1673,구태우,1673
1674,손준혁,1674
1675,FTISLAND,1675
1676,이상호,1676
1677,Fitz and The Tantrums,1677
1678,미스에스,1678
1679,하해룡,1679
1680,쿨,1680
1681,아웃사이더,1681
1682,김수영,1682
1683,이종필,1683
1684,개미,1684
1685,이효리,1685
1686,빅마마 소울,1686
1687,하정호,1687
1688,이재우,1688
1689,김덕윤,1689
1690,김상미,1690
1691,샘김,1691
1692,Slom,1692
1693,Joseph Belmaati,1693
1694,Mike Woods,1694
1695,Pinkrush,1695
1696,장용진,1696
1697,조은희,1697
1698,1601,1698
1699,박주연,1699
1700,김건,1700
1701,Janu,1701
1702,RAINSTONE,1702
1703,아르마딜로,1703
1704,Brian Kennedy,1704
1705,이윤상,1705
1706,Closed Eye,1706
1707,성시경,1707
1708,헬로비너스,1708
1709,박건호,1709
1710,양요섭,1710
1711,헤이즈,1711
1712,Lavin,1712
1713,POPKID,1713
1714,렉시,1714
1715,Leroy Anderson,1715
1716,권순일,1716
1717,Erik Lidbom,1717
1718,아테나,1718
1719,노홍철,1719
1720,이미쉘,1720
1721,태봉이,1721
1722,조정치,1722
1723,WOOGIE,1723
1724,윤건,1724
1725,제이워크,1725
1726,엠버 ,1726
1727,강승원,1727
1728,태사비애,1728
1729,"라디, 디어, 브라더수, 주영",1729
1730,EXO-K,1730
1731,로이킴,1731
1732,준,1732
1733,심은경,1733
1734,카라,1734
1735,이승열,1735
1736,케이윌,1736
1737,B.A.P,1737
1738,박승일,1738
1739,이지원,1739
1740,페임 제이,1740
1741,메이비,1741
1742,Daniel Per Falt,1742
1743,"키썸, 산이, 태완",1743
1744,Jvcki Wai,1744
1745,Frank Dukes,1745
1746,강다니엘,1746
1747,제이 스킬즈,1747
1748,Lydia Paek,1748
1749,차은택,1749
1750,Ronny Svendsen,1750
1751,KATIE,1751
1752,GRVVITY,1752
1753,뉴이스트,1753
1754,엄정화,1754
1755,더 씨야,1755
1756,Rohann ,1756
1757,여은,1757
1758,창민,1758
1759,김상익,1759
1760,양남승,1760
1761,써니 사이드,1761
1762,Jay J. Kim,1762
1763,더블 케이 ,1763
1764,Francisco Iovino,1764
1765,Ethan Edward,1765
1766,Distract,1766
1767,Jerry.L,1767
1768,Andrew?Choi,1768
1769,신혜선 ,1769
1770,박재선,1770
1771,Teddy Riley,1771
1772,Craig David,1772
1773,정윤 ,1773
1774,단테,1774
1775,병살 ,1775
1776,Jan Hallvard Larsen,1776
1777,박정현,1777
1778,Zaya,1778
1779,임현식,1779
1780,"웬디 , 슬기 ",1780
1781,Courtney Woolsey,1781
1782,심현보,1782
1783,변진섭,1783
1784,티아라 N4,1784
1785,김종진,1785
1786,임광욱,1786
1787,"찬열 , 펀치",1787
1788,Mr. Cho,1788
1789,스타트랙,1789
1790,구름,1790
1791,김현철,1791
1792,이지린,1792
1793,홍지상,1793
1794,YB,1794
1795,"다이나믹 듀오, DJ Premier",1795
1796,13,1796
1797,이택승,1797
1798,멜로딘 준영,1798
1799,나윤권,1799
1800,고고보이스,1800
1801,유재석,1801
1802,Jamie Jones,1802
1803,미스터 파파,1803
1804,Tommy Park,1804
1805,레인보우 블랙,1805
1806,"JB , 영재 ",1806
1807,"먼데이키즈, 펀치 ",1807
1808,이상열,1808
1809,JPG,1809
1810,헨리 ,1810
1811,HI SUHYUN,1811
1812,이창섭,1812
1813,정지훈,1813
1814,박용준,1814
1815,컨퀘스트,1815
1816,정우,1816
1817,여자친구,1817
1818,e.one,1818
1819,양갱,1819
1820,댄싱게놈,1820
1821,덕인,1821
1822,일렉트로보이즈,1822
1823,최귀섭,1823
1824,오석준,1824
1825,Lohi,1825
1826,김도현,1826
1827,Andreas Oberg,1827
1828,Albi Albertsson,1828
1829,"씨잼, 비와이",1829
1830,LIONCHLD,1830
1831,켄,1831
1832,선우정아,1832
1833,도끼,1833
1834,CSMUSIC&,1834
1835,창따이,1835
1836,Vontasy Park,1836
1837,텐조와 타스코,1837
1838,이현규,1838
1839,Mafly,1839
1840,Chancellor,1840
1841,Arai Mann,1841
1842,지아,1842
1843,럼블 피쉬,1843
1844,트루디,1844
1845,홍지유,1845
1846,이주형,1846
1847,디브라운,1847
1848,CL,1848
1849,센티멘탈 시너리,1849
1850,승리,1850
1851,이상은,1851
1852,준케이,1852
1853,하성운,1853
1854,Hal Davis,1854
1855,Knock,1855
1856,Megatone,1856
1857,우지훈,1857
1858,Maxx Song,1858
1859,DEAN,1859
1860,Daniel Davidsen,1860
1861,"씨잼, 레디",1861
1862,김동영,1862
1863,장나라,1863
1864,Marty Dodson,1864
1865,이트라이브,1865
1866,화요비,1866
1867,봉은영,1867
1868,쥬얼리,1868
1869,WABLE,1869
1870,MC 스나이퍼,1870
1871,WATT,1871
1872,LUVAN,1872
1873,TWICE,1873
1874,플로우식,1874
1875,SWEETUNE,1875
1876,Sting,1876
1877,Bardur Haberg,1877
1878,박완규,1878
1879,Daniel Kim,1879
1880,Shawn Mendes,1880
1881,길미,1881
1882,SUPERBEE,1882
1883,iHwak,1883
1884,제국의아이들[ZE:A],1884
1885,이예린,1885
1886,Dillon Pace,1886
1887,나인뮤지스,1887
1888,브라이언,1888
1889,Johanna Elkesdotter,1889
1890,Brian Cho,1890
1891,P.K,1891
1892,스피카,1892
1893,최진석,1893
1894,민설,1894
1895,Pharrell Williams,1895
1896,심규선,1896
1897,이현승,1897
1898,조미쉘,1898
1899,1of1,1899
1900,서영은,1900
1901,Josh Gad,1901
1902,"Callie Hernandez, Various Artists, Jessica Rothe, Sonoya Mizuno",1902
1903,Irving Berlin,1903
1904,서정아,1904
1905,BUMZU,1905
1906,Joachim Radloff,1906
1907,김두현,1907
1908,빨간머리앤,1908
1909,Antwann Frost,1909
1910,"버벌진트, 산이, 범키, 스윙스, 팬텀, 칸토",1910
1911,박재범,1911
1912,JBird,1912
1913,태완,1913
1914,전태익,1914
1915,이민혁 ,1915
1916,"Mena Massoud, Naomi Scott",1916
1917,Ollipop,1917
1918,Christian Davis,1918
1919,키비,1919
1920,"국카스텐, 이은미",1920
1921,토이,1921
1922,코랑이,1922
1923,양승욱,1923
1924,Amber Liu,1924
1925,Alex?Mood,1925
1926,니콜,1926
1927,G-DRAGON,1927
1928,Night & Day,1928
1929,이수영,1929
1930,Carla Bruni,1930
1931,Ricky Hanley,1931
1932,전람회,1932
1933,고진영,1933
1934,박경,1934
1935,박수종,1935
1936,AOA CREAM,1936
1937,코요태,1937
1938,남혜승,1938
1939,Myah Marie Langston,1939
1940,저스트,1940
1941,별들의 전쟁,1941
1942,비투비,1942
1943,서기,1943
1944,황현,1944
1945,유재환,1945
1946,박정욱,1946
1947,박우상,1947
1948,수경,1948
1949,이동현,1949
1950,김도훈,1950
1951,Frank Loesser,1951
1952,유케이,1952
1953,지누션,1953
1954,뷔,1954
1955,으뜨거따시,1955
1956,김종완 of NELL,1956
1957,Kanata Okajima,1957
1958,아이들,1958
1959,소녀시대 ,1959
1960,전효성,1960
1961,덤앤더머,1961
1962,박아셀,1962
1963,가인,1963
1964,DMEANOR,1964
1965,Phenomenotes,1965
1966,"마크툽, 구윤회",1966
1967,마이티 마우스,1967
1968,최준영,1968
1969,방예담,1969
1970,MGFC,1970
1971,김태현,1971
1972,캥거루,1972
1973,앤드류 최,1973
1974,한승훈,1974
1975,레인보우,1975
1976,Sunset Blvd,1976
1977,틴 탑,1977
1978,유영석,1978
1979,태연,1979
1980,이영훈,1980
1981,김광진,1981
1982,David Amber,1982
1983,박상민,1983
1984,miss A,1984
1985,"산이, 레이나",1985
1986,Daft Punk,1986
1987,임정희,1987
1988,김연지,1988
1989,Melvin Torme,1989
1990,오성훈,1990
1991,Rara-Avis,1991
1992,Gabriela Soza,1992
1993,Noday,1993
1994,환희,1994
1995,하하,1995
1996,권진아 러브 샘김,1996
1997,GOT7 ,1997
1998,Wanna One - 린온미,1998
1999,허각,1999
2000,곽진언,2000
2001,강민경,2001
2002,강은경,2002
2003,Tim Rice,2003
2004,Caesar & Loui,2004
2005,오현주,2005
2006,유에,2006
2007,전정훈,2007
2008,조현아,2008
2009,성훈,2009
2010,써니힐,2010
2011,빈지노 ,2011
2012,양정승,2012
2013,박기덕,2013
2014,안진희,2014
2015,ODAL?PARK,2015
2016,서현,2016
2017,FUTURE BOUNCE,2017
2018,"The Chainsmokers, Coldplay",2018
2019,이동원,2019
2020,윤미래,2020
2021,권선익,2021
2022,블랙아이드필승,2022
2023,제이윤,2023
2024,Denzil Remedios,2024
2025,The Streotypes,2025
2026,Reone,2026
2027,S.M. THE BALLAD,2027
2028,달샤벳,2028
2029,Peter,2029
2030,인영훈,2030
2031,Gustav Karlstrom,2031
2032,Kupa,2032
2033,이영현,2033
2034,"크러쉬, 한상원",2034
2035,만희,2035
2036,Rufio Sandilands,2036
2037,Thomas Randolph Bell,2037
2038,Hiss?noise,2038
2039,Agi Yoko,2039
2040,김창환,2040
2041,Maegan Cottone,2041
2042,라비 ,2042
2043,SEION,2043
2044,스컬,2044
2045,최철호,2045
2046,Rodnae 'Chikk' Bell,2046
2047,최자,2047
2048,문하,2048
2049,윤도현,2049
2050,"산이, 효린",2050
2051,홈보이,2051
2052,"알렉스, 호란",2052
2053,소연아이들,2053
2054,지오,2054
2055,탁,2055
2056,노시현,2056
2057,Thomas Troelsen,2057
2058,구태훈,2058
2059,키썸,2059
2060,신해철,2060
2061,루이,2061
2062,브라운 아이드 소울,2062
2063,Crystal Nicole Johnson,2063
2064,FTISLAND ,2064
2065,Daehan,2065
2066,김태원,2066
2067,몬스타 칼라바,2067
2068,Philip Lawrence,2068
2069,김유경,2069
2070,"더 원, 펀치",2070
2071,정승환,2071
2072,Shockbit,2072
2073,넬,2073
2074,ITZY,2074
2075,모울,2075
2076,규현,2076
2077,SWEETCH,2077
2078,멜로망스,2078
2079,김장우,2079
2080,한해,2080
2081,Sam Lewis,2081
2082,안준성,2082
2083,장기하와 얼굴들,2083
2084,전준규,2084
2085,Will Simms,2085
2086,고태영,2086
2087,DJ 투컷,2087
2088,박봄,2088
2089,심지선,2089
2090,최용찬,2090
2091,이종민,2091
2092,DJ KOO,2092
2093,크러쉬,2093
2094,Ralph Blane,2094
2095,걸스데이,2095
2096,인피니트,2096
2097,김기범,2097
2098,갓츄 ,2098
2099,Anchor,2099
2100,랍티미스트,2100
2101,장미여관,2101
2102,79,2102
2103,혁오,2103
2104,임세준,2104
2105,알고보니혼수상태,2105
2106,태용 ,2106
2107,최정훈,2107
2108,오렌지캬라멜,2108
2109,송양하,2109
2110,이상순,2110
2111,김지인,2111
2112,킬라그램,2112
2113,Long Candy,2113
2114,원상우,2114
2115,"치타, 에일리",2115
2116,박새별,2116
2117,주석,2117
2118,Stay Tuned,2118
2119,언터쳐블,2119
2120,심은지,2120
2121,Blue Bus,2121
2122,은종태,2122
2123,손동운,2123
2124,이기용배,2124
2125,24,2125
2126,Felix Bernard,2126
2127,박명수,2127
2128,장기하,2128
2129,Score,2129
2130,Lim Kim,2130
2131,김문하,2131
2132,Taylor McKall,2132
2133,김연우,2133
2134,이진아,2134
2135,아이유,2135
2136,Veethoven,2136
2137,정성윤,2137
2138,류영민,2138
2139,박지훈,2139
2140,한경수,2140
2141,SHIKATA,2141
2142,한경훈,2142
2143,김동현,2143
2144,Berry Gordy,2144
2145,이범희,2145
2146,볼빨간사춘기,2146
2147,Billie Eilish,2147
2148,박용기,2148
2149,피에스타,2149
2150,최은,2150
2151,박용운,2151
2152,MELODESIGN,2152
2153,Alex Cantrall,2153
2154,문 킴,2154
2155,김영아,2155
2156,박상혁,2156
2157,전소미,2157
2158,Droyd,2158
2159,이석훈,2159
2160,"소유, 백현",2160
2161,백호 ,2161
2162,요조,2162
2163,이호준,2163
2164,최명섭,2164
2165,제휘,2165
2166,김경호,2166
2167,WayBetta,2167
2168,이설아,2168
2169,Charlie Tenku,2169
2170,희진,2170
2171,Chloe,2171
2172,송중기,2172
2173,Lukas 'Nate' Nathanson,2173
2174,김이나,2174
2175,지나,2175
2176,허준,2176
2177,박준호,2177
2178,김창완,2178
2179,우석,2179
2180,마스터키,2180
2181,Billy Mohler,2181
2182,Camilla North,2182
2183,신보라,2183
2184,딕펑스,2184
2185,정일리,2185
2186,베이식,2186
2187,Texu,2187
2188,달리,2188
2189,Jimmy Richard,2189
2190,Brandon Fraley,2190
2191,Wanna One - 남바완,2191
2192,가을방학,2192
2193,로이도,2193
2194,마미손,2194
2195,김이환,2195
2196,러블리즈,2196
2197,한보람,2197
2198,Neil Athale,2198
2199,Keynon Moore,2199
2200,슈퍼터치,2200
2201,Jeff Hoeppner,2201
2202,Fisherman,2202
2203,BUM,2203
2204,TK,2204
2205,전인권,2205
2206,장동건,2206
2207,MIKA,2207
2208,해오라,2208
2209,홍진영,2209
2210,Nermin Harambasic,2210
2211,수퍼비,2211
2212,지연,2212
2213,EXO-CBX ,2213
2214,Upload,2214
2215,T-ara,2215
2216,Jason Mraz,2216
2217,이근호,2217
2218,적재,2218
2219,한동근,2219
2220,위종수,2220
2221,몬스타엑스,2221
2222,"샘김, 로꼬",2222
2223,김나영,2223
2224,차길완,2224
2225,GMS Jr,2225
2226,미료,2226
2227,김승현,2227
2228,포맨,2228
2229,이재훈,2229
2230,Victoria Monet,2230
2231,Gordon Sumner,2231
2232,박수석,2232
2233,박민정,2233
